<?xml version="1.0" encoding="utf-8" ?>
<CodeDoc>
	<Class name="AutoHideTabCollection">
		<ClassDef>
			<summary>Provides methods to manage a collection of <see cref="AutoHideTab" /> objects.</summary>
		</ClassDef>
		<Property name="AutoHidePane">
			<summary>Gets the <see cref="AutoHidePane"/> contains the <see cref="AutoHideTabCollection"/>.</summary>
			<value>The <see cref="AutoHidePane"/> contains the <see cref="AutoHideTabCollection"/>.</value>
		</Property>
		<Property name="DockPane">
			<summary>Gets the <see cref="DockPane"/> associates with the <see cref="AutoHideTabCollection.AutoHidePane"/> instance.</summary>
			<value>The <see cref="DockPane"/> associates with the <see cref="AutoHideTabCollection.AutoHidePane"/> instance.</value>
		</Property>
		<Property name="DockPanel">
			<summary>Gets the <see cref="DockPanel"/> associates with the <see cref="AutoHideTabCollection.AutoHidePane"/> instance.</summary>
			<value>The <see cref="DockPanel"/> associates with the <see cref="AutoHideTabCollection.AutoHidePane"/> instance.</value>
		</Property>
		<Property name="Count">
			<summary>Gets the number of elements contained in the <see cref="AutoHideTabCollection"/> instance.</summary>
			<value>The number of elements contained in the <see cref="AutoHideTabCollection"/> instance.</value>
		</Property>
		<Property name="Item">
			<summary>
			<para>Gets a <see cref="AutoHideTab" /> at the specified index.</para>
			<para>In C#, this property is the indexer for the <see cref="AutoHideTabCollection" /> class.</para>
			</summary>
		</Property>
		<Method name="Contains">
			<overloads><summary>Determines whether an element is in the <see cref="AutoHideTabCollection" />.</summary></overloads>
		</Method>
		<Method name="Contains(AutoHideTab)">
			<summary>Determines whether a <see cref="AutoHideTab" /> is in the <see cref="AutoHideTabCollection" />.</summary>
			<param name="tab">The <see cref="AutoHideTab" /> to locate in <see cref="AutoHideTabCollection" />.</param>
			<returns><b>true</b> if <paramref name="tab" /> is found in the <see cref="AutoHideTabCollection" />; otherwise, <b>false</b>.</returns>
		</Method>
		<Method name="Contains(IDockContent)">
			<summary>Determines whether a <see cref="IDockContent" /> is in the <see cref="AutoHideTabCollection" />.</summary>
			<param name="content">The <see cref="IDockContent" /> to locate in <see cref="AutoHideTabCollection" />.</param>
			<returns><b>true</b> if <paramref name="content" /> is found in the <see cref="AutoHideTabCollection" />; otherwise, <b>false</b>.</returns>
		</Method>
		<Method name="IndexOf">
			<overloads><summary>Searches for the specified element and returns the zero based index within the entire <see cref="AutoHideTabCollection" />.</summary></overloads>
		</Method>
		<Method name="IndexOf(AutoHideTab)">
			<summary>Searches for the specified <see cref="AutoHideTab" /> and returns the zero-based index within the entire <see cref="AutoHideTabCollection" />.</summary>
			<param name="tab">The <see cref="AutoHideTab" /> to locate in the <see cref="AutoHideTabCollection" />.</param>
			<returns>The zero-based index of <paramref name="tab" /> within the entire <see cref="AutoHideTabCollection" />, if found; otherwise, -1.</returns>
		</Method>
		<Method name="IndexOf(IDockContent)">
			<summary>Searches for the specified <see cref="IDockContent" /> and returns the zero-based index within the entire <see cref="AutoHideTabCollection" />.</summary>
			<param name="content">The <see cref="IDockContent" /> to locate in the <see cref="AutoHideTabCollection" />.</param>
			<returns>The zero-based index of <paramref name="content" /> within the entire <see cref="AutoHideTabCollection" />, if found; otherwise, -1.</returns>
		</Method>
	</Class>
</CodeDoc>
