<?xml version="1.0" encoding="utf-8" ?>
<CodeDoc>
	<Class name="DockContent">
		<ClassDef>
			<summary>The <see cref="System.Windows.Forms.Form" /> derived class that implements 
			<see cref="NTDLS.Docking.IDockContent" /> interface.</summary>
			<remarks>
				<para>
					<see cref="NTDLS.Docking.DockContent" /> derives from <see cref="Form" /> class.
					To use the DockPanel library, you can derive your form from <see cref="DockContent" /> class,
					and implement your user interface in this class. <see cref="NTDLS.Docking.DockContent" />
					wraps all the properties, methods and events of <see cref="NTDLS.Docking.DockContentHandler" /> objects.
				</para>
			</remarks>
		</ClassDef>
		<Constructor name="()">
			<summary>Initialize a new <see cref="NTDLS.Docking.Content" /> instance.</summary>
		</Constructor>
		<Property name="DockHandler">
			<summary>Implementation of <see cref="NTDLS.Docking.IDockContent.DockHandler" />.</summary>
		</Property>
		<Property name="AllowRedocking">
			<summary>Wrapper of <see cref="NTDLS.Docking.DockContentHandler.AllowRedocking"/>.</summary>
		</Property>
		<Property name="AutoHidePortion">
			<summary>Wrapper of <see cref="NTDLS.Docking.DockContentHandler.AutoHidePortion"/>.</summary>
		</Property>
		<Property name="CloseButton">
			<summary>Wrapper of <see cref="NTDLS.Docking.DockContentHandler.CloseButton"/>.</summary>
		</Property>
		<Property name="DockableAreas">
			<summary>Wrapper of <see cref="NTDLS.Docking.DockContentHandler.DockableAreas"/>.</summary>
		</Property>
		<Property name="DockPanel">
			<summary>Wrapper of <see cref="NTDLS.Docking.DockContentHandler.DockPanel"/>.</summary>
		</Property>
		<Property name="DockState">
			<summary>Wrapper of <see cref="NTDLS.Docking.DockContentHandler.DockState"/>.</summary>
		</Property>
		<Property name="FloatPane">
			<summary>Wrapper of <see cref="NTDLS.Docking.DockContentHandler.FloatPane"/>.</summary>
		</Property>
		<Property name="HideOnClose">
			<summary>Wrapper of <see cref="NTDLS.Docking.DockContentHandler.HideOnClose"/>.</summary>
		</Property>
		<Property name="IsActivated">
			<summary>Wrapper of <see cref="NTDLS.Docking.DockContentHandler.IsActivated"/>.</summary>
		</Property>
		<Property name="IsFloat">
			<summary>Wrapper of <see cref="NTDLS.Docking.DockContentHandler.IsFloat"/>.</summary>
		</Property>
		<Property name="IsHidden">
			<summary>Wrapper of <see cref="NTDLS.Docking.DockContentHandler.IsHidden"/>.</summary>
		</Property>
		<Property name="Pane">
			<summary>Wrapper of <see cref="NTDLS.Docking.DockContentHandler.Pane"/>.</summary>
		</Property>
		<Property name="PanelPane">
			<summary>Wrapper of <see cref="NTDLS.Docking.DockContentHandler.PanelPane"/>.</summary>
		</Property>
		<Property name="ShowHint">
			<summary>Wrapper of <see cref="NTDLS.Docking.DockContentHandler.ShowHint"/>.</summary>
		</Property>
		<Property name="TabPageContextMenu">
			<summary>Wrapper of <see cref="NTDLS.Docking.DockContentHandler.TabPageContextMenu"/>.</summary>
		</Property>
		<Property name="TabText">
			<summary>Wrapper of <see cref="NTDLS.Docking.DockContentHandler.TabText"/>.</summary>
		</Property>
		<Property name="ToolTipText">
			<summary>Wrapper of <see cref="NTDLS.Docking.DockContentHandler.ToolTipText"/>.</summary>
		</Property>
		<Property name="VisibleState">
			<summary>Wrapper of <see cref="NTDLS.Docking.DockContentHandler.VisibleState"/>.</summary>
		</Property>
		<Method name="Activate()">
			<summary>Wrapper of <see cref="NTDLS.Docking.DockContentHandler.Activate"/>.</summary>
		</Method>
		<Method name="GetPersistString()">
			<summary>Gets the string to persist this DockContent object.</summary>
			<returns>The string to persist this DockContent object.</returns>
			<include file='DockPanel.xml' path='//CodeDoc/Delegate[@name="DeserializeDockContent"]/remarks' />
		</Method>
		<Method name="IsDockStateValid(DockState)">
			<summary>Wrapper of <see cref="NTDLS.Docking.DockContentHandler.IsDockStateValid"/>.</summary>
		</Method>
		<Method name="OnDockStateChanged(EventArgs)">
			<summary>Raises the <see cref="NTDLS.Docking.DockContent.DockStateChanged" /> event.</summary>
			<param name="e">An <see cref="System.EventArgs" /> that contains the event data.</param>
		</Method>
		<Method name="Show()">
			<summary>Wrapper of <see cref="NTDLS.Docking.DockContentHandler.Show"/>.</summary>
		</Method>
		<Method name="Show(DockPane, DockAlignment, double)">
			<summary>Wrapper of <see cref="NTDLS.Docking.DockContentHandler.Show"/>.</summary>
		</Method>
		<Method name="Show(DockPane, IDockContent)">
			<summary>Wrapper of <see cref="NTDLS.Docking.DockContentHandler.Show"/>.</summary>
		</Method>
		<Method name="Show(DockPanel)">
			<summary>Wrapper of <see cref="NTDLS.Docking.DockContentHandler.Show"/>.</summary>
		</Method>
		<Method name="Show(DockPanel, Rectangle)">
			<summary>Wrapper of <see cref="NTDLS.Docking.DockContentHandler.Show"/>.</summary>
		</Method>
		<Method name="Show(DockPanel, DockState)">
			<summary>Wrapper of <see cref="NTDLS.Docking.DockContentHandler.Show"/>.</summary>
		</Method>
		<Event name="DockStateChanged">
			<summary>Occurs when the <see cref="NTDLS.Docking.DockContent.DockState"/> property changed.</summary>
		</Event>
	</Class>
</CodeDoc>
